<?xml version='1.0' encoding='UTF-8' ?>
<timeLogEntries>
  <time id="1" path="/Proyecto Farmaseutica/PSP0/Planning" start="@1693895645767" delta="70" interrupt="13" comment="Estandares de codificacion" />
  <time id="2" path="/Proyecto Farmaseutica/PSP0/Planning" start="@1693964027959" delta="61" comment="Intalacion de herramientas de codig0p" />
  <time id="3" path="/Proyecto Farmaseutica/PSP0/Planning" start="@1693972805779" delta="90" comment="Descripcion del Problema" />
  <time id="4" path="/Proyecto Farmaseutica/PSP0/Planning" start="@1694305873946" delta="110" interrupt="9" comment="Planteamiento de requisitos funcionales y plantilla" />
  <time id="5" path="/Proyecto Farmaseutica/PSP0/Planning" start="@1694313069733" delta="4" comment="Readmi" />
  <time id="6" path="/Proyecto Farmaseutica/PSP0/Planning" start="@1694314173754" delta="53" comment="Interfaz Inicio" />
  <time id="7" path="/Proyecto Farmaseutica/PSP0/Planning" start="@1694319271175" delta="187" comment="Interfaz Realizar Pedido" />
  <time id="8" path="/Proyecto Farmaseutica/PSP0/Planning" start="@1694354712745" delta="149" comment="Interfaz venta" />
  <time id="9" path="/Proyecto Farmaseutica/PSP0/Planning" start="@1694367736431" delta="59" comment="Revision Codigo" />
  <time id="10" path="/Proyecto Farmaseutica/PSP0/Planning" start="@1694372318092" delta="20" comment="Diseño colores en interfaz" />
  <time id="11" path="/Proyecto Farmaseutica/PSP1/Design" start="@1696089819637" delta="350" comment="Creacion de Interfases" />
  <time id="12" path="/Proyecto Farmaseutica/PSP1/Design" start="@1696105528000" delta="190" comment="Explicacion de interfases a compañera" />
  <time id="13" path="/Proyecto Farmaseutica/PSP1/Design" start="@1696110911925" />
  <time id="14" path="/Proyecto Farmaseutica/PSP2/Design" start="@1696539247995" delta="60" />
  <time id="15" path="/Proyecto Farmaseutica/PSP2/Code" start="@1696545253388" delta="55" />
  <time id="16" path="/Proyecto Farmaseutica/PSP2/Code" start="@1696563189959" delta="321" />
  <time id="17" path="/Proyecto Farmaseutica/PSP2/Code" start="@1696601382404" delta="260" />
  <time id="18" path="/Proyecto Farmaseutica/PSP1/Code" start="@1696621677506" delta="379" interrupt="31" />
  <time id="19" path="/Proyecto Farmaseutica/PSP1/Code" start="@1696778115220" delta="170" />
  <time id="20" path="/Proyecto Farmaseutica/PSP1/Planning" start="@1696788349472" delta="74" />
  <time id="21" path="/Proyecto Farmaseutica/PSP1/Test" start="@1696797243890" delta="7" />
</timeLogEntries>
